lon,lat,pop,emp
3952496.55507508,2279709.64006509,2372.55582572056,1777
3952272.49902342,2280359.54889535,2770.25251237526,3739
3952698.41401899,2280078.57316157,2333.5811674441,1224
3952434.99781439,2280046.30012216,2890.30845368814,3487
3952127.66733932,2280025.57263712,2529.81563808193,1956
3951842.9684007,2280369.28928086,2269.49960087913,903
3952880.30627919,2280214.89666527,3217.04064003028,3644
3952571.71662334,2279264.68798526,2184.66828471281,1196
3951553.98684347,2279689.01860665,2509.20152550394,499
3951841.26084763,2279795.08534578,3945.86171588342,3259
3952053.34927314,2278816.08861534,3213.50124542846,2785
3952525.75245366,2278588.26387705,3249.55994500124,0
3953031.9156066,2278578.95298176,2644.84851598697,864
3953941.99848317,2278554.16701417,2818.97618454177,534
3951604.44251808,2278980.45453144,2543.10231697315,1506
3951330.85242141,2278848.28896034,2087.83736907115,203
3953304.74244541,2278755.88838503,2259.10186853751,265
3953673.9151168,2279439.14116792,3067.34227804681,848
3953391.14617107,2280454.6212636,2830.07668556543,840
3953795.30035501,2280881.28896785,2127.08899607405,85
3954968.9703997,2281588.21840421,1844.24967178678,269
3952470.47060015,2280988.50223801,1683.83793094086,956
3952503.24327302,2281527.03459551,1899.0582469046,521
3951665.12882494,2280920.23278181,2043.70955948529,0
3952911.01078609,2282245.11949425,3613.93132322361,128
3951913.68449962,2282218.90571626,2008.95145299305,86
3951474.20090586,2281796.07179832,2066.65021667752,83
3950903.66534353,2279321.60505628,1838.77644186461,535
3951117.57598829,2279340.20301638,2197.37631817943,752
3950931.3893534,2279384.29398921,2139.71199685942,433
3951050.29524685,2279767.76393692,1877.22664809047,410
3951241.93480732,2280657.01967618,2074.71625074737,730
3950969.55738134,2280112.89759791,2639.88910649158,1038
3950140.30940478,2280171.10278483,2197.79133383975,915
3950210.90192288,2279527.49709898,2740.72667527277,452
3949530.89308849,2279682.10947858,2146.33024057121,518
3949676.50392293,2279923.15226344,1596.04485111064,48
3949489.34009835,2280253.25789198,2330.7263664617,90
3949559.43487056,2280628.96978551,1542.2667108924,56
3947203.54538755,2281534.67886089,3062.29902655422,437
3950063.13818978,2280809.0600981,2743.20188689488,882
3949480.23730263,2281829.96079849,2099.8255010969,419
3948789.68131308,2280860.05535958,2475.02606179457,383
3953104.9616109,2284819.26083857,2968.769283911,386
3949104.64697497,2288373.02384965,2713.03147273426,341
3950697.87083614,2286213.4199252,4039.08587024117,817
3949393.29477362,2284321.68483362,4325.32697580689,1250
3950944.95567455,2278161.14214584,4305.25760511722,3405
3951032.70296796,2276118.14087366,3657.22304627467,1136
3949506.77857058,2275176.5907288,4286.05111368822,1185
3946675.03588101,2277672.87302847,2565.71949381831,1509
3946773.75428455,2275353.15802057,1427.40558692469,22237
3941607.65920489,2276619.75854593,4114.32532656187,8434
3947430.10440161,2278950.86859976,3539.25963664201,1890
3957247.0406856,2261584.14424619,4156.03751537079,206
3953869.54432256,2261641.63525276,4116.68202272283,104
3953762.97286646,2259203.51898454,2833.35453087225,748
3953021.89558045,2259005.97894814,2696.84167641793,601
3952712.47021926,2258059.43473096,3718.24959177613,208
3956014.40416056,2257858.590705,3810.83466284007,864
3960754.00574424,2253157.33663878,2671.26506788938,412
3960708.28597339,2253586.29105351,3847.49286311959,2697
3961544.26456341,2253287.31230847,3467.58351956029,48
3961226.58550799,2252819.38429539,3143.44343415318,356
3960843.96303459,2254206.97085633,2563.57689851508,321
3961830.60584818,2253282.18826136,1898.92256906188,824
3960219.36355467,2252466.39897362,2631.72772701799,391
3960106.25029089,2253489.39718915,2142.75429125107,1585
3959630.33018607,2253950.6710692,2421.90771399972,258
3959365.52954445,2252404.45217464,1386.34082033534,41
3959194.20135435,2252843.42305144,2035.57233274093,251
3959595.84097523,2250604.79244763,3330.13310435278,959
3958281.28587133,2252155.82383363,2411.70910034544,226
3959057.35402132,2251935.08017538,2234.95690782216,31
3961105.58126079,2256343.95948053,3061.57323669442,166
3958715.17909529,2255762.46733525,2413.04408398929,662
3957597.48135918,2252750.39359081,801.15428429739,3550
3963118.13831703,2252932.78142529,196.169989356082,9767
3962954.68931136,2255137.88952481,2234.59107110907,599
3962250.85390548,2256062.57885567,516.080984388926,1201
3966529.68563786,2261542.08455549,2352.27702862304,424
3969053.94046665,2262061.04630915,3266.11381606576,438
3968676.27056888,2259048.011819,3132.98223963469,99
3966314.77792788,2262615.67396501,2786.62691567651,131
3933939.827551,2291241.63848017,814,0
3960225.20035948,2278847.59774957,578,0
3962704.21701414,2267591.54602736,1905.99999999999,0
3929295.25741741,2275807.47017486,2438.80794358343,888
3929394.20189499,2276690.34224578,2839.77275443046,352
3930080.15287232,2276226.46462481,3470.96511536293,167
3928898.51112543,2277385.06684489,2570.60358793495,334
3931136.7914092,2278636.97367758,125.846213031585,1063
3928287.90078714,2279043.30627282,2031.00438565665,1749
3947756.44441442,2269775.20945409,2813.81383750716,2526
3949858.35897531,2270652.63725254,2738.47862823218,281
3950605.15399606,2271500.66792532,3111.69219689406,204
3948341.85563931,2271976.69825805,2303.43643048766,654
3949962.98336952,2272968.64305329,3383.57890687895,477
3965462.30464842,2264679.6512704,6079,0
3943023.52804979,2274529.23262618,2157.73247966497,0
3943573.676989,2271454.07320457,4218.22872682572,0
3945984.30006215,2270331.48535054,3251.03879350932,0
3958384.86148371,2264792.75581529,2158,0
3926459.62733653,2259828.21202219,1942.20628571337,0
3927637.36545934,2259983.1574611,2055.09023996623,0
3927965.33120275,2260211.14877791,1893.70347432042,0
3927101.71534077,2261812.82543894,0,0
3956924.51375156,2244431.5532545,1301,0
3957293.09629535,2245350.21355626,1764,0
3958358.08085126,2245019.96374911,2019,0
3958922.16058304,2245889.22308727,2137,0
3965706.35822075,2245425.55289371,4489,0
3961883.94106084,2275346.84266569,2172,0
3929769.58811372,2265710.5937282,5224.44745978071,175
3926300.02665194,2264553.25732479,2586.00806533509,1256
3927151.09063146,2265489.43020672,1744.86864505889,192
3928448.03573842,2267281.51067374,3124.97785710467,1752
3924318.62890595,2267508.07124236,2178.73255645836,310
3923982.20862459,2266800.32304938,0,0
3925503.10507097,2266456.75531361,197.965416262272,498
3963091.31591503,2240137.26670006,2209.22233759379,602
3963022.35535191,2239950.24522798,2749.73878016972,1979
3962404.55032097,2239871.89701015,2526.6276719672,81
3962035.60887345,2240521.20506298,1979.71237922304,58
3962662.53794086,2240909.66670952,1827.75136366677,28
3963138.26116932,2241514.42381595,3101.87196195145,923
3964323.05925706,2241838.40367579,2144.60902631473,295
3964156.56178893,2242651.84549234,2084.07192290241,15
3963762.35939812,2242369.64342071,1147.34007947761,54
3963934.89077696,2242901.50037916,5232.72181128075,478
3967220.91249037,2242271.34637554,4080.21036512114,337
3963260.85283884,2240868.17110758,1892.308347667,961
3961374.26084145,2242283.00927803,2599.33748177939,3687
3961516.01644746,2241680.22696138,2004.47647088501,123
3922655.75919422,2287501.17575474,1371,0
3972054.44640121,2251397.52265652,5007,0
3963574.04628447,2262544.07670882,3381,0
3942238.34464137,2285663.88662118,1879.78021978022,0
3945994.8831617,2284054.88649639,3008.76923076923,0
3944845.36205332,2284584.90365897,2783.45054945055,0
3931053.91505351,2261980.09636145,5467,0
3933314.40519107,2284834.19415599,2529.31005481977,0
3932385.26172944,2283098.52874689,3116.11776186225,0
3931317.05803402,2284668.29583839,2451.57218331799,0
3912455.65636012,2274160.28491426,4044.45882791515,601
3908301.80572963,2277917.52694251,82.1416313337535,2218
3907328.13040657,2273569.87072352,0,707
3903112.76675004,2272406.04619152,0,4210
3910250.74810257,2275416.74121838,4045.63607580801,1277
3910890.54467014,2274532.31004373,3157.22339037987,1036
3910818.03247873,2273379.49136596,2050.94964524075,475
3911000.46798129,2272222.02012804,2450.59042932248,413
3962394.59961719,2271101.20401162,3474,0
3960593.08535873,2271384.13752967,2447,0
3959320.2378131,2272441.4969581,3835,0
3953918.77730846,2271842.31770529,1894.83697637347,461
3953893.16429865,2272570.88752486,2722.79488513182,1036
3955027.46173091,2272410.71167552,2182.85929561857,659
3954714.3768255,2271443.52948311,2685.82891675249,110
3956174.33572478,2270320.55086563,2282.08816480094,175
3953684.86098425,2270276.12760498,3131.6131933469,519
3952783.08892301,2269883.03182572,2633.04301903026,278
3953061.73059723,2273291.52691708,2215.93554894556,2723
3964847.65372507,2252370.54274442,3910.97980220413,0
3967313.64078101,2253924.01907871,2476.02019779589,0
3932251.42947395,2265694.89062698,3150.77109428652,0
3935348.18130179,2266292.6703647,3735.89885176659,0
3933922.04176832,2265423.27339114,2176.33005394688,0
3920379.08945908,2291608.51595081,4703,0
3959724.51724468,2268314.4701918,4111,0
3914664.89483866,2280433.7391494,3165.53026970391,386
3915062.70424615,2280389.3097696,2247.1428244895,1727
3915390.8600114,2280769.83147917,2685.35558794767,302
3914172.08650131,2281175.61212705,3032.2598436011,423
3915017.44680286,2278441.09757093,1757.99412175727,120
3915011.64465497,2279378.75845859,2361.5754970907,661
3914526.4205654,2278563.50384682,1866.51999261813,14
3915570.76698094,2278983.88199376,1759.82614907723,731
3915762.70498073,2280362.53912177,2049.22284444799,1691
3914099.75870491,2280071.96415497,2984.97160237571,504
3914575.46492937,2279414.94660618,2263.95879053997,46
3914735.33728492,2284877.34059814,2719.26214866587,487
3911726.44487434,2280912.29373854,3394.34549540002,1795
3912289.35092601,2290770.25323145,3254.12762624684,158
3913494.75756535,2279552.4898946,3148.84327138383,75
3914274.64743979,2277483.80946012,4101.34722943041,866
3909795.99889788,2286395.338802,293.71670522386,507
3938174.49178022,2294577.27192903,2839,0
3938027.49812084,2294232.3473377,4417,0
3927103.56669675,2288384.68131115,2779.90445241297,0
3926922.89039886,2288917.36436596,2083.96556103392,0
3929365.65684748,2286720.35185512,3947.12998655312,0
3932882.69564598,2270866.69409272,1436.86422511763,12061
3930812.03752522,2269524.24276811,2311.56258879054,234
3932726.35656495,2268875.01304342,2175.58460325829,1356
3933366.331861,2269514.4570657,2518.7632019691,355
3932110.18602548,2269558.49820989,2411.47376949984,43
3932110.12782157,2268603.82136791,1700.57516285006,506
3932965.20347696,2268425.76438162,2043.39031668248,583
3931568.92456843,2267382.99872655,3846.91627651498,1385
3932836.64219861,2267692.22092493,2652.41414335734,556
3932530.0564901,2269248.22604344,1762.13629839418,199
3933400.7958717,2269001.83332087,2513.23371933097,132
3933423.29275013,2268807.1383983,1662.81422002064,232
3933780.64151911,2268294.97901584,1692.49810445478,196
3935074.79831407,2267416.98426283,2534.54626092874,323
3933707.72747791,2267310.14644853,2666.22710883045,256
3918954.43672629,2261339.0500788,5118.45666573491,542
3920690.90386712,2263850.16835905,2114.15491327549,57
3918207.78125363,2266374.49715081,1402.49181682804,4575
3921451.31837311,2267186.72337028,3134.35656161511,250
3919898.57556636,2267305.91268806,1627.64442865497,1
3919597.41997293,2268004.40360336,3405.7106204166,1183
3919116.58668055,2267809.88849634,2226.51135654871,222
3919430.01872662,2268705.80564113,3077.09991173307,3271
3918500.97480764,2268862.06163518,1771.88301038851,73
3918802.07736832,2268754.71595795,1837.22044514656,198
3916787.81247258,2269276.59071157,2855.65349170482,793
3916714.59979719,2269336.16311595,1579.07419339701,18
3917800.37324735,2269396.81610606,1711.93289067472,51
3917804.0710607,2270814.66059635,4610.02073017751,396
3919600.72193064,2271312.72408974,2861.56550377363,1610
3919237.94337777,2270221.87352308,2017.57160812642,0
3919425.06533429,2269848.83692431,2443.44331250141,174
3919035.76458311,2269542.03855086,2400.31743732747,50
3918942.22822857,2269146.62618622,3077.87542684948,2195
3916022.57043539,2266423.4979288,130.015675125575,1111
3959007.08796866,2290275.47411851,3745,0
3956337.2956142,2275636.36630577,5417,0
3955692.02858602,2266981.99354716,4607,0
3917560.38800177,2288190.53156897,3932.25440147643,100
3917316.51132546,2289910.77457136,2460.38225916716,35
3917141.0658839,2289559.6316449,2870.42612073556,177
3916570.68370705,2289278.27061999,2964.93234364332,224
3917017.47906748,2289059.76125318,2088.93849159942,30
3916562.05367571,2288463.50100129,3163.73772207552,487
3916741.50273113,2287716.50212178,2837.75026288295,1034
3916210.43142666,2287677.23380701,1870.7020164054,365
3918490.50812221,2287725.03905891,3253.53491350065,956
3915622.26673699,2290568.03835037,196.341468513585,775
3929308.27549959,2292465.9663572,3150,0
3955884.76472895,2252159.19604473,1908.86305539803,0
3956543.4980573,2251440.33775563,2403.11309790725,0
3956683.69567921,2252451.06648157,2073.02384669472,0
3943847.12686259,2267664.27796792,989.279958848671,2158
3941501.03443546,2268786.39889643,2600.69585052488,227
3940094.88396941,2268561.24943136,2791.60905532583,381
3938334.9686816,2267411.43860408,2772.21782793063,2039
3943000.89671002,2265512.07497462,2407.11231504426,981
3942824.47629034,2264485.624402,1445.34962887556,668
3940521.58960751,2265557.44537858,3776.07539889166,951
3942620.72583852,2265386.62781013,2378.43535269404,27
3943244.14177553,2263808.33658356,2226.22461186448,72
3966145.75621329,2269377.87445807,3368,0
3961440.47228785,2263514.78032042,5454,0
3963389.70275444,2290491.85045653,4976,0
3952276.3491683,2259802.69755913,1865.33466836671,411
3951981.08676177,2259311.93026645,2735.19065376954,389
3952903.85660549,2259959.54938526,1948.29193025877,156
3952232.39875533,2260349.86497967,1859.96350800067,59
3952844.57581178,2263022.52996769,2055.21923960431,155
3913536.54381581,2268416.78310593,2993.86967127323,458
3913908.61761585,2268985.22063555,1976.81597379002,1392
3914038.59953537,2269295.18815574,1580.44494036371,41
3913492.26735795,2269939.01699378,1879.56051373632,214
3914903.67203613,2271687.23774478,2431.90873817646,1545
3915166.38558382,2270283.53212088,2640.13780150636,638
3914446.58599482,2269231.53440718,1404.88850414081,113
3915132.0022134,2269208.06558677,2182.37385701309,163
3899539.79376433,2271248.04487866,1927.21679453752,0
3900416.02827902,2266859.74692123,2671.21933802552,0
3898951.3327835,2268592.6505019,1873.34417317123,0
3899359.31109977,2268475.08588468,2116.21969426573,0
3970847.62795895,2277881.9351045,1798.99999999999,0
3952438.27455269,2293721.46848258,5557,0
3932947.23227416,2278907.85843282,3288.43130293046,1183
3933675.03843536,2276629.55811178,1711.68144235831,312
3934223.28560551,2277983.2720554,2242.9537584414,2038
3936123.50699972,2277288.92053404,2300.7758223945,78
3935521.89668942,2275953.67241463,2326.15767387533,713
3945450.7553127,2295620.63621092,4795,0
3965340.17962647,2248484.2517135,5528,0
3963332.81191436,2259475.969288,2148,0
3964470.61689422,2259597.28483126,2544,0
3965033.43393223,2257374.74513708,2132,0
3961645.90221702,2259291.83033625,2115,0
3966328.94741368,2274281.83745917,4768,0
3935488.15488935,2262948.89155164,4777.00000000001,0
3964043.46144441,2278050.53634159,124,0
3941475.66828309,2290174.10893532,5550,0
3919138.61631576,2284202.1599841,2369.89877263337,0
3919621.31352602,2285238.36235726,3232.71073844534,0
3922603.87182627,2283393.45652629,2699.39048892129,0
3948665.47985799,2298494.68674861,379,0
3958513.54273188,2282787.33176813,1228,0
3901936.21012669,2295555.85138206,2295.58349216599,532
3902379.06277057,2295246.20253481,1729.35516248829,2
3917063.44595421,2274342.80051593,3606.03060083286,0
3916799.87954973,2274182.77146155,2305.96939916715,0
3958279.34716824,2266029.15996796,3314.99999999999,0
3934603.9917791,2268618.705185,2101.88420089616,0
3935497.44943783,2268872.25415325,2316.47015693534,0
3936599.72636162,2267975.36239271,2131.6456421685,0
3924616.02959124,2294316.97337911,2837.30748057918,2684
3925243.24962333,2294593.12756949,3371.10734925928,1036
3924075.57602644,2295057.36801802,2578.6281251792,180
3924210.1520606,2294518.26349158,2475.62709324202,528
3925282.3316802,2295357.35863456,1772.80911368056,148
3925215.41235819,2295343.2982106,2595.10760420079,223
3924345.94147747,2295614.43294321,3147.17203998409,162
3924795.06407512,2295210.7066444,2549.33117289255,212
3923417.37736109,2294578.89465192,2801.51635318564,453
3923971.94532067,2293673.76122487,3610.75418787506,1324
3924807.68428565,2293067.96370975,1964.310409445,559
3925266.23691836,2293736.45851527,2285.69290126679,1985
3925012.16720152,2291857.39422676,3683.36461203561,2179
3924299.06236135,2261905.26998628,2684.27294576329,0
3924221.58408529,2259908.7556223,2137.42696232434,0
3924809.01133621,2260504.45377807,2802.30009191241,0
3946715.84028156,2265173.88157241,2723.39703992414,423
3945065.61790319,2266955.72318738,2599.63901391468,344
3943938.27442297,2266173.56187343,3224.54464545466,836
3943872.88013816,2264879.97631339,2173.41930070653,124
3950197.82538296,2269707.06739201,3179,0
3950790.47194643,2266976.99303251,2405,0
3957163.31083347,2278812.59099742,2376,0
3970775.14324322,2270097.69606133,2662.45041143012,399
3972221.50219997,2268760.38357391,3251.7378388444,1001
3970777.93364266,2269488.58636739,2994.96699303001,74
3972075.956212,2269830.91010888,2053.84475669548,40
3965851.66247276,2282606.89559272,1023,0
3935974.94766987,2282148.2223126,1842.03812812862,0
3937154.19010525,2281056.57136721,3888.24471896446,0
3936158.6653422,2280302.23659922,3145.71715290692,0
3956650.24834724,2286479.98554638,2466.40938472588,0
3954923.48371487,2288534.78314072,2808.32750778071,0
3955627.14723025,2287526.41714724,3077.26310749342,0
3940944.74858725,2282266.22756468,5278,0
3936504.98304323,2271596.99437882,1687.47941457653,186
3935690.91553973,2271672.83854322,1733.55720138076,532
3936116.08554456,2271490.94133309,2918.61077118151,150
3936381.03506415,2271268.382198,1798.15020792302,361
3935327.47265079,2272413.57373381,1883.96131337171,189
3935955.98295624,2271915.32271417,1633.96983766968,1490
3935896.30664549,2272246.34008351,2105.65300580987,216
3935584.9342783,2272955.78769016,1950.94247816901,236
3934949.04327267,2274156.34729413,2324.26368453175,201
3936960.56368092,2274781.2579283,2984.805347422,244
3936777.29479027,2270332.06122077,503.30287787809,3564
3938036.66134916,2272547.15280034,109.346171454424,143
3938133.81039956,2270072.93155383,1731.80201594865,1962
3938505.41444465,2269322.19165658,2291.32791518968,228
3939347.1774604,2270436.57071662,1484.97824005603,160
3934324.84904246,2272680.61697132,2173.34553546804,2030
3936476.33870177,2269246.42985371,0,5230
3935333.79736432,2270564.30726012,350.809563477059,7393
3937756.37131364,2269110.45644076,2041.07362406812,96
3937324.93091902,2269546.71655166,2381.62079442406,780
3936887.42316535,2284550.42831525,3631,0
3959092.15276016,2249048.23659837,1958.45949842937,0
3959998.24193633,2249148.04543366,2215.54868942788,0
3960863.70749559,2250027.85193727,2440.99181214274,0
3944960.54406592,2254853.86684053,1433.82196743355,4256
3945268.87949311,2254905.92505398,2449.96219241231,634
3945176.4328362,2255072.43827949,2593.52549941375,745
3945174.80255674,2255262.29977512,3216.28221871695,2470
3945574.95898649,2255037.88542633,2494.84937176463,1143
3945865.504513,2255163.68448104,2730.71859241376,766
3945678.0747192,2255302.92819605,2006.16322346441,278
3945197.26429011,2254506.83960465,609.83035237661,1537
3945331.27023156,2254662.01696643,2220.72788693621,1335
3945387.85054205,2254446.47549781,1991.7436540662,556
3945065.08467339,2254486.47760626,1164.95772942612,2750
3944835.64381454,2254351.79482949,3465.96228603874,2470
3946321.91460868,2255229.05310288,1610.13093462333,125
3946240.16890087,2255327.05019636,2208.19052151172,353
3946138.47963406,2255458.30325794,2154.04558503556,410
3946133.78935791,2255743.7607248,2557.3490138639,445
3945588.47749824,2255466.32191958,77.6325225250456,506
3945650.81838164,2254726.88108633,2970.9003321453,1041
3945892.0273949,2254849.09847863,2389.2061158319,423
3943813.47654487,2257730.35710298,1650.07935066627,5333
3944799.31669203,2255526.29664302,1834.68065955935,5709
3944787.76543435,2255196.77015974,1383.59509922687,262
3944671.00417759,2255384.88792625,1331.88531765864,786
3944449.92434137,2255143.46336561,1696.79883263167,85
3944443.31713143,2255304.39039326,1226.97132400924,433
3944520.49948599,2254756.87842013,1463.82615232705,1056
3944087.54423921,2254823.63238869,2472.10237940902,270
3944497.99566787,2254976.28001103,2144.95583672771,685
3944223.585713,2255591.66482685,3081.11383277749,19541
3944696.94426709,2255948.50462764,2076.92872838874,45
3944621.51550592,2255674.15873,2539.45726596385,240
3944426.12942717,2255560.41349635,1605.60522065411,0
3946313.89188606,2256611.05692419,2193.93338853914,285
3946117.97645113,2256220.90211511,2731.09423633558,812
3945732.67961567,2256002.46641849,2659.29961276692,289
3945531.58006364,2256309.85166327,4145.0465558654,399
3945864.84860418,2256554.86797949,3503.6905288401,662
3945151.92261112,2255495.26323555,162.670987797639,1750
3945430.6097624,2255724.02388689,4157.19000574607,2329
3944962.31232951,2255850.27507387,2411.7071253435,412
3945142.73425478,2255768.78143344,2616.52745065304,1667
3945285.60418792,2256127.27121186,2530.3888968514,222
3945609.53397406,2256697.62718604,2610.60201595632,150
3945344.70876308,2256771.58282229,2986.24737254658,232
3945170.69966313,2257128.65830688,2397.21913141961,203
3944855.68736837,2256997.88384853,1650.45835668257,1503
3944936.62444119,2257224.79955872,1387.47413633715,0
3944971.89163066,2257145.35853378,980.286250534,52
3944979.11036844,2256261.65146209,2677.20766544095,319
3944699.32539424,2256371.00150806,3108.34933885511,573
3944888.32203204,2256601.78402743,2784.60694348892,233
3947557.33974883,2254994.29842859,2512.15342963137,283
3947173.23183289,2254692.46738522,2527.50837827773,376
3947278.5241081,2254992.63999179,2574.68012410373,205
3947185.82088981,2255439.53067971,2915.1512645861,334
3947470.47274407,2255529.27583236,2264.82456702986,228
3947732.52173717,2255760.76549267,2865.60795124074,305
3947371.82935356,2255881.11723053,2033.67252834281,420
3947612.36294298,2256304.8616563,2208.94014424901,956
3947053.42219521,2255979.67816915,2219.94556304871,300
3947274.2783212,2256292.8999938,2698.59819358161,385
3947510.11380465,2256601.16102761,123.938582448848,102
3946923.45358165,2256257.51700906,2075.66203764006,321
3947086.11275601,2256593.41255355,2032.91554699383,0
3946715.54066318,2256625.12802709,2243.06432710864,149
3946555.30400545,2256047.05004236,3031.25860139338,225
3946969.78364729,2255385.93927591,3802.35695721353,694
3946873.57283364,2254951.19398771,3086.45820995502,637
3946482.81593228,2255092.04547951,3616.83415230726,746
3946723.54029547,2255610.35387875,3298.42944084774,485
3946412.7030104,2253490.89357485,2779.69948397986,375
3946706.84354769,2253699.80021693,3122.77372817022,287
3947153.55059332,2253802.25890514,83.904788191541,0
3946866.82548247,2253970.59964744,2870.49809513856,349
3946299.97061114,2253648.99490535,2376.70959628421,246
3946898.72169702,2254646.4991292,8.71197211903269,1399
3946616.49497827,2254774.06301325,3571.07362719964,369
3946166.7058794,2254833.77895079,2824.50855602229,77
3946406.40344335,2254622.89566964,2310.48714334281,170
3946013.72971825,2254602.31323109,2177.44269099902,127
3946867.81681939,2254402.11806788,2445.32396662089,626
3946280.36378596,2254451.60797117,3281.57427714668,390
3946637.80452199,2254274.29949684,2324.57597291887,373
3946272.2803016,2254293.42119111,2255.71971665887,204
3946192.64113224,2254123.4513224,2044.02595605085,309
3946196.10517627,2253877.31027402,2506.97678359962,306
3946527.89056175,2253968.84263407,553.880259596084,0
3947258.6433633,2254413.8656445,3011.20723538672,233
3947303.84473916,2254126.40946387,2680.66709725612,244
3947773.60643719,2254218.74148994,3551.23905331813,504
3945578.81904557,2253201.28351023,2589.08085886047,2204
3945416.37106724,2253526.19480387,2133.21399064832,1271
3945548.42004395,2253673.60496758,2340.7349422772,1169
3945851.40719374,2253436.10112159,289.372371302266,100
3945984.17741821,2253311.32006687,2960.56050086297,2462
3945986.86889622,2253532.08785515,1942.8151043726,1154
3945859.37283468,2253782.24781481,3575.83898579989,1103
3945713.26272703,2254065.66821207,2069.28228329719,332
3945931.58841136,2254181.09409318,2548.30041571835,476
3945653.57784595,2254396.02831772,2684.38290685401,650
3944926.41351872,2254033.1734393,1252.91830148697,4980
3944970.90234912,2253815.22316505,2134.10494857,1086
3944634.35445073,2253868.38380292,2237.64269186363,283
3945245.2241716,2254099.83104856,687.807093965872,3646
3945443.75513016,2254056.35729959,2883.3613133555,1127
3945213.44942259,2253387.50443612,2716.43965107139,1541
3944909.97163024,2253551.40279738,2765.62720451246,250
3944733.59198847,2253219.87581272,2632.19497924071,191
3945010.25405141,2253224.90572413,2445.32145594019,391
3943575.85666025,2252968.26129826,2288.25037760588,216
3943971.52927047,2253205.11818411,1931.67329382712,68
3943226.15021002,2253187.25313114,1452.02364860549,120
3942859.10432462,2253328.45874833,1699.96592544302,256
3943182.45345348,2253684.53583388,1607.87353518034,184
3939003.89529386,2252898.66829044,103.267479918445,48
3943822.25852904,2254211.66873242,1786.44714670738,371
3943446.14157542,2254424.53676327,2118.10696764358,1250
3943424.43633066,2254057.82450254,2154.93831633331,334
3944358.23362945,2252308.57268184,1951.61671973585,114
3944071.13198619,2252662.26099497,1758.45854121468,207
3943427.55019106,2253768.8323109,2345.43683773176,209
3943687.072718,2253783.95048784,2267.45295464375,260
3943956.272084,2253854.43299445,2247.60549438208,519
3943989.01013452,2253584.6661549,2332.828462452,282
3944362.12385454,2253703.76766892,2635.83900831306,399
3944442.97620175,2254121.43587113,2365.03690361062,1515
3944213.86738582,2254206.27690858,2051.17838665164,2391
3944955.45835396,2249735.62044834,2611.74891725482,524
3945493.64099021,2249872.44088993,2216.72378827696,2044
3944987.80131014,2250384.77697865,112.207604906187,367
3943451.77281549,2245996.43860852,533.339851629287,53
3943110.45286558,2247560.43477747,2047.99547335573,93
3943675.57322198,2248114.71155217,3068.60072596063,252
3944014.79771899,2247353.94745999,246.468264434431,258
3945610.03704267,2252929.38790548,1837.61457056571,309
3945851.81414178,2252462.80199892,1793.59550084956,529
3945654.25415303,2252574.2498678,2379.9548467488,768
3945387.67286018,2252690.68370346,2162.69600846843,609
3945045.12602102,2252102.59545205,2253.55240789784,214
3945046.70669974,2252571.78108148,2644.40134634092,379
3944851.6029615,2251364.62787997,2800.41849292286,891
3944448.38729616,2251190.06345251,0,161
3944305.92890703,2248717.64557371,2495.46187425654,591
3944878.55294451,2248355.20568133,2222.62545187104,488
3945279.02732197,2247885.1780249,1748.69887013738,5
3945586.86014819,2248409.24866014,2025.58534091999,214
3945941.14428666,2252921.02558979,3060.54636104102,2083
3946275.0279871,2252774.46445473,4714.05725550305,436
3946501.20514734,2252346.43208243,2763.08783088985,3539
3946121.83253736,2252492.30608003,2755.32932275112,1855
3946491.60519698,2251836.89877288,993.90734443477,543
3946075.75094418,2251520.01238929,2515.480534992,736
3945801.49161466,2251598.45949601,2425.39829897529,1464
3945548.58266892,2251190.7323415,2134.11377393296,1286
3945842.57348635,2252054.85379042,3659.77634587391,1589
3945410.72646779,2251723.63844127,2071.80277616532,1702
3945783.54132266,2250212.92835118,1577.71953155524,325
3946143.28271364,2249486.88220098,2403.99300328038,179
3946190.23909814,2250448.82173077,3098.94781080292,502
3946380.58144421,2250743.56105259,1907.61555545995,723
3945896.42034553,2250829.11341331,770.424526454231,4434
3945753.68308561,2248977.37490493,2407.90830023144,435
3945056.62476645,2249288.72533814,2649.48216149149,807
3944906.58055211,2248904.37667353,2232.09258148446,104
3945848.0826532,2249326.51842171,580.627347883514,1920
3947537.34148761,2248254.73354031,2339.68157363417,598
3947313.25616119,2247431.10824807,2835.24549624902,255
3948239.10318386,2247576.61054149,121.999375463057,0
3949097.62718399,2245667.9862201,1924.30898407476,0
3948642.73580775,2250890.36869495,2455.36050809406,168
3948254.92367609,2250478.18215615,3275.57435142054,667
3947926.06629762,2250057.82076078,3011.96481693559,110
3948175.31615597,2249435.98355404,2084.86429004765,283
3954699.29732451,2248969.57927784,1154.75671267353,0
3946597.53637212,2249764.48843011,2432.83993247744,597
3947037.69605706,2249940.98182079,2678.25822038183,252
3947585.48318247,2249849.28573842,1955.49021772319,223
3947665.07899535,2249339.13985514,2465.69956271411,3189
3946994.22998154,2249195.57982093,1915.69874079124,405
3947435.45223236,2248907.72270142,2291.94851455754,454
3946875.95006667,2248857.98424536,1636.40944659947,53
3946497.66496793,2249097.92433726,1565.9805865743,38
3947489.60478684,2250253.71445797,0,1106
3948781.39874862,2249777.53832075,2505.80492640346,396
3949576.70893355,2249961.13223148,1009.83670393579,258
3948641.18725141,2249458.58495417,2268.01643116353,0
3948547.99096432,2248878.64838794,2825.60813339914,1439
3949891.84614892,2247470.14479891,2072.98599818403,929
3950346.24423599,2246868.07373361,189.354694573391,268
3946287.22509196,2248551.610324,2483.88544189668,1429
3946612.33786989,2247223.03560185,1563.22912810781,1268
3946533.22318585,2246129.50920745,1406.25669596181,36
3946581.11852998,2248029.20141133,1212.7517244874,1898
3947179.52216908,2251940.77727368,2506.62108956047,305
3947638.80628047,2252010.2630012,1582.49261479294,62
3947606.82031332,2251682.60767204,2975.19539669178,417
3946654.59372533,2251381.26488353,1842.76211868397,139
3946754.37745571,2251037.16487293,2489.8452626984,519
3947101.38932064,2251326.14682948,2110.44733709377,240
3947529.66458042,2251170.3865223,2126.96697701847,587
3946803.69787549,2250728.98365868,2810.50348198041,323
3947496.13724849,2250614.23707815,1101.81050734132,5412
3950527.0813126,2249043.97409819,547.544005613962,59
3953190.48416831,2246419.04504469,0,0
3947670.03697826,2252958.43164465,2711.09819231301,211
3947139.51570728,2253212.37231281,2795.45357645888,609
3947422.78207218,2252726.93439487,3739.77789476678,323
3947306.34944903,2252594.65475328,2792.78193790642,4013
3946607.49639478,2253147.20029393,4413.51768621424,956
3946440.36159957,2252923.01245131,0,77
3948084.72410618,2252360.75997874,2579.10133845263,572
3948594.1497075,2252901.33835422,1625.26588124402,680
3949197.47779991,2252966.39072415,1650.06004208982,154
3949688.86192837,2252846.69495828,2421.86070830769,638
3950208.90696301,2252944.07909795,1952.48165991568,103
3950100.16230685,2252587.82552507,2285.75630187686,204
3949983.9185374,2252210.86736362,2069.93318029395,37
3949324.54251557,2252423.93922305,2409.94045269887,219
3949326.01198686,2251975.64377762,1947.9062921309,35
3950484.44040334,2251525.15574154,222.818571557644,10
3948241.61106137,2252022.13315782,2172.47815576979,63
3948543.02789573,2251503.98185812,3042.64444197535,264
3948037.49866621,2251689.49772371,2254.41797718331,596
3949035.77251649,2251468.33285993,1931.0782134891,42
3950188.77243194,2250707.64117859,2042.91480353118,267
3948736.36825639,2252135.65945669,3426.41344811634,1713
3947962.52069893,2253288.501577,1836.16654339797,481
3947408.60050799,2253570.15502695,3289.1694317388,154
3948315.08850711,2253691.09795758,116.963268570796,12
3954759.79886679,2255070.9235896,2004.38602990406,547
3953720.55678963,2252827.65116173,2485.56311892664,695
3953047.02931292,2250899.90578141,18.2079390475295,0
3956138.55393691,2255055.21797902,4739.18968343964,1049
3957099.74553023,2254525.83014103,1517.69639160871,146
3954930.48823692,2252270.71346163,2915.30323142702,125
3955057.06972992,2251287.45411587,12.1461473717664,0
3949129.17378994,2254063.29681204,2228.5884936075,98
3949392.12399757,2253878.25379737,2296.97062166396,35
3949940.03580397,2254195.12866355,1567.35704784689,69
3949820.53972365,2253913.9562673,2106.10376123054,32
3949273.5515294,2253531.86991733,2056.18668049766,106
3950289.89967956,2253549.56124296,1816.65400474081,1080
3950263.91352635,2254126.84911578,2042.04068461426,5
3950723.50257918,2254019.70677974,2020.42757059871,48
3950956.60401897,2254224.86527082,1740.61994081186,36
3951938.44661701,2253089.57390471,2002.07073305101,236
3952442.52183583,2253181.91494766,1772.3266121032,382
3951392.62320005,2254377.06826459,2651.68369153293,156
3952405.5953644,2254226.15050971,3306.09426072537,1383
3951467.81359318,2253650.68117945,229.727967444754,2072
3952027.84536497,2251759.14918253,28.998979854355,1
3955826.70729515,2253642.99373314,1908.70022649103,704
3954634.30017467,2253208.71979758,352.216108074643,1891
3956052.53940648,2256157.95205974,902.919494103052,124
3951238.81219811,2253276.23815815,1831.30507370669,170
3951005.76376407,2252878.21537329,2067.42931383911,20
3950690.84896794,2253113.80815776,2737.73311800744,125
3951011.59130798,2252438.7309863,768.259590166727,4
3951670.44728062,2252952.31513114,1843.21809021128,36
3953797.33614211,2255227.89141344,3239.17712667166,1121
3953331.28157877,2253758.01742068,103.698266679193,3775
3950886.41051712,2255258.12467612,4341.17473682347,835
3951259.40311379,2254872.76588609,2552.40082763397,125
3950188.00519585,2254588.163655,3079.991703777,163
3949520.98510489,2255501.74067434,3369.91128216171,287
3949527.06649784,2254981.33892946,4444.13176491203,674
3948052.87839714,2256249.69656417,1639.41471275746,1264
3948563.49302351,2256496.94016173,2411.08428532461,221
3949007.71612183,2256931.18847335,2734.83070348552,291
3950064.46182411,2257101.04860682,2882.39209309886,89
3949626.73952488,2256733.93292712,2444.20260947434,118
3948880.60157246,2256049.13176505,1971.30498442644,457
3948515.05136206,2255552.75272521,2412.07060473139,772
3948129.09877353,2255499.65255074,1791.97230938577,610
3947809.20170667,2254985.06838513,2381.67788032581,203
3948100.68321557,2254755.38622047,1596.55562257622,63
3948675.40422566,2255038.37313728,1806.6821293281,132
3948770.99947473,2254369.0240288,3468.53644030218,2657
3950663.2050467,2256803.97494612,2443.31131884054,155
3951112.25621584,2256378.65591516,2523.26850782866,197
3949763.29372801,2256100.91804799,2404.7977605895,142
3950371.46493817,2256018.64157604,2421.4572839026,210
3952593.2635496,2255719.37671232,3285.68961689329,1425
3951897.94434298,2256004.46936682,2633.14082142053,315
3950977.36564651,2259902.19497541,2948.88771585075,405
3950452.22526382,2260351.46563795,3289.58013121944,2626
3950768.30084567,2258944.38579121,3963.49386716768,1315
3951066.4166411,2258493.33577025,2316.41032630695,795
3947889.69956449,2258188.1887093,3649.0850679671,204
3948239.14293604,2257599.93650052,3313.28202744281,631
3948671.83123295,2257631.63230202,2719.40083956777,651
3948030.55015896,2257822.81970661,1559.97949222635,110
3951801.94144349,2261772.0186286,1151.70062303581,15
3949269.71362274,2262304.80469756,1888.46750488817,123
3950298.57366113,2258060.56679638,2258.8801352242,354
3951921.72424868,2257731.59777247,3021.81564774234,86
3951786.0946673,2257218.54844002,1857.59889490049,321
3951304.06308296,2257112.47996557,1938.99560527367,61
3950948.63386384,2257931.01247713,3202.92814104854,238
3950457.95838097,2257385.73224405,3179.748825017,201
3950662.78478187,2263024.07668214,2264.31086652371,172
3950012.09044534,2258535.21067495,1576.60990691282,70
3949675.60031588,2258662.4351428,2061.03227003643,206
3949264.33904488,2258460.16446062,3273.68139687652,637
3949696.41384786,2257832.50068763,2917.79928851682,212
3949342.46041408,2257592.15772936,3698.53669438693,777
3948154.03368092,2258480.74236489,2168.85453941607,37
3948204.75323295,2258821.7908223,4094.98406485015,693
3948885.312916,2258521.93347426,1829.02569058108,568
3948659.52820018,2258953.9639367,2423.56178678045,117
3947507.11778269,2257922.49506274,2299.15637730299,43
3946960.41137053,2257147.5628118,2371.7702596704,841
3947461.79782062,2257370.65176722,2019.2186316642,446
3947543.55593733,2256965.08052961,2556.91434359803,7795
3948058.89822235,2256927.92325056,2310.79548064868,327
3947784.2206053,2257655.89953647,2977.08035904367,43
3948520.92343627,2259925.90995586,2044.38261023045,270
3949245.7076115,2259204.83497015,2556.2802325169,14
3949340.4506819,2260106.931619,4201.75035556469,842
3945779.05789324,2258627.8653244,2949.70486498571,369
3945997.8010097,2259387.55282581,1713.39321050723,65
3945173.98724672,2259007.99782038,606.711587311119,4878
3946022.05349778,2257910.14132547,2495.59916474762,245
3945657.37529044,2257386.21448619,2165.89844207415,332
3946036.71346273,2257521.87291985,2756.67927926534,418
3945859.27364206,2257219.54870836,2060.43245928632,86
3946076.70681528,2257055.56803257,1931.2292110783,526
3945594.69418183,2258002.81809327,2860.59531129177,2604
3944974.86701031,2258122.28845594,2050.30977137351,1921
3945216.2369511,2257731.30056214,2669.22069666239,552
3948081.54043813,2260950.1018226,2262.40296911257,32
3947925.56210017,2259967.16561218,3141.20042373961,220
3947716.58517431,2259299.22196731,1611.54065434377,73
3947435.89882833,2259055.77683827,3005.28236537489,131
3947800.33561188,2262335.52355595,0,0
3947315.02990255,2258736.09362898,1100.17023796023,59
3946947.4757151,2257940.00028704,3289.51950233812,1358
3947192.83723866,2258560.77115111,2969.60325637582,476
3946857.45374211,2258528.95550362,2551.1315012976,135
3946456.98719679,2258234.8640796,2408.18172104743,85
3946332.13398669,2257876.87926106,1670.06465306858,235
3946543.96934498,2257246.02008208,3025.593585105,466
3946042.17313143,2260540.04193832,3360.72588955345,611
3945695.9689752,2259749.1827694,2357.68853339703,650
3946382.0758779,2261636.58738953,0,0
3946877.34199358,2259934.5013451,4530.09346574227,904
3946272.09051984,2258992.50488472,638.027242960205,1072
3947113.99285913,2261364.84742286,0,0
3944508.13202968,2260817.35785771,1808.95176702764,449
3945325.85965217,2260820.62618166,2186.20714964631,52
3945082.6737665,2261569.49535281,2368.44155589994,306
3946183.67851353,2262477.2730092,21.3863896833171,0
3945099.51050933,2262604.60652764,2207.83004117547,79
3944761.94970536,2262373.95418556,1776.75019894723,36
3944111.33858698,2258510.5080825,2323.05283608887,459
3944041.58716147,2258997.28797591,3468.85795374154,1198
3943691.18862794,2259060.01736106,2274.14131448315,211
3944415.16630464,2259058.3305237,182.414072788299,2739
3943279.25889868,2260430.87796547,3807.1890288201,0
3943108.14534034,2259604.02804667,2617.4607808091,340
3944553.15666701,2257854.68104742,2338.57203742625,482
3944352.35924816,2257790.3571784,961.62269649338,2512
3944976.63291466,2260003.88117078,1757.23138390276,406
3945293.71562645,2260205.0846491,2182.81092992294,216
3944916.97202255,2260672.32060457,1377.082261097,457
3944693.15513392,2259725.72277728,303.071271793327,2407
3945372.9416376,2264607.63146223,2808.66104993071,48
3944870.6841933,2264794.48119581,2821.67428409041,99
3944956.20019875,2264044.18429121,2976.79880648437,278
3944007.09632653,2264319.86259823,2974.07049930698,250
3944294.78289408,2264140.15951324,479.59611895484,1096
3944482.09532172,2262879.66050987,1664.57512677071,43
3944928.71128728,2263370.39474833,2349.65342497623,256
3943904.42362186,2263154.55380038,2730.87790282158,2054
3944204.06022701,2260343.33940731,4505.29606584766,840
3943795.85766402,2259741.95448963,2963.28784289338,794
3943775.62472379,2260658.46246915,2356.59119512736,605
3943177.83570608,2262906.88041048,2573.10163780617,180
3942696.39452322,2262728.24904996,4355.03635360913,95
3942755.09783449,2263373.11753063,1916.97203491402,238
3944141.02970914,2261411.34974567,2456.18571396891,66
3943714.71907032,2262042.69067029,4027.54827275092,1162
3940822.64387797,2262664.03230356,1808.47003017248,617
3940241.12615508,2262366.98492639,1741.60893445825,229
3940780.54080177,2262134.4493136,1852.60382452821,568
3940972.88240402,2262026.91435931,346.20687366072,900
3940464.97844842,2263556.06212713,370.264702456242,9
3938750.66308781,2263416.66379394,621.090926451731,217
3942613.22416065,2261432.90355605,2951.91657896006,1775
3942672.45029918,2261034.80429129,1156.47120029449,4398
3941753.0558166,2261666.02974153,2136.59327862074,436
3941224.96833059,2261333.94062624,0,335
3942092.9436901,2262500.0405699,3406.77365039708,3498
3978712.58810526,2261922.05006447,4276,0
3974738.39738655,2257132.69308209,2067,0
3979503.51261729,2271385.43573021,1503,0
3976318.82225055,2274823.88920742,5000,0
3976032.49548137,2254144.43693538,42,0
3984089.24994127,2261978.99604813,1623,0
3985434.94695129,2269682.7025702,2219.13652372644,990
3983118.89880721,2269018.02627454,3503.66343744509,801
3984970.17540196,2268291.01588127,2888.05017152208,134
3973296.08168607,2262080.85874595,5392,0
3957926.38681067,2298255.38944807,2195.30130662896,927
3957655.8979668,2297698.31267836,2693.66494023139,807
3958881.87580671,2297413.64764063,2502.24282539924,177
3959464.01092654,2297817.73485915,2505.61368540857,242
3956982.60600961,2298676.05951623,3109.36213184162,503
