EMP09,P15_POP,lon,lat
1777,2372.55582572056,5.45028016866362,43.5254782018267
3739,2770.25251237526,5.44706190741672,43.5312081218156
1224,2333.5811674441,5.45250771830151,43.5289108230347
3487,2890.30845368814,5.44928476037152,43.5284762117555
1956,2529.81563808193,5.44551256715523,43.5281214442172
903,2269.49960087913,5.44176231434364,43.5310607497007
3644,3217.04064003028,5.45465282693257,43.5302379532585
1196,2184.66828471281,5.45151927915758,43.5215124939867
499,2509.20152550394,5.43868143224472,43.5247766042481
3259,3945.86171588342,5.4421459517725,43.5258891225277
2785,3213.50124542846,5.44544884704999,43.5171894963528
0,3249.55994500124,5.45142882537023,43.5153961085857
864,2644.84851598697,5.45767064747426,43.5155887269681
534,2818.97618454177,5.46889940936319,43.5158615197315
1506,2543.10231697315,5.43980284531212,43.5184237488839
203,2087.83736907115,5.43652554990078,43.517083693687
265,2259.10186853751,5.46090726538589,43.5173309321932
848,3067.34227804681,5.46497620279011,43.5236849940091
840,2830.07668556543,5.46077940135366,43.5326752944857
85,2127.08899607405,5.46546028982393,43.5367377043515
269,1844.24967178678,5.4794302300918,43.5437450627906
956,1683.83793094086,5.44905851316325,43.5369801066059
521,1899.0582469046,5.44908308879004,43.5418475091355
0,2043.70955948529,5.43918214294464,43.5359244971398
128,3613.93132322361,5.45360332332034,43.5485368530263
86,2008.95145299305,5.44132886167811,43.5477553448931
83,2066.65021667752,5.43621067982986,43.5437067222266
535,1838.77644186461,5.43092868650843,43.5211113932404
752,2197.37631817943,5.43355094451648,43.5213962721434
433,2139.71199685942,5.43122597338995,43.5216911361488
410,1877.22664809047,5.43242001317231,43.5252094680436
730,2074.71625074737,5.43415304185883,43.5333223265509
1038,2639.88910649158,5.43118138758662,43.5282730639672
915,2197.79133383975,5.42092260763901,43.5283414743636
452,2740.72667527277,5.42224816262491,43.5225847420883
518,2146.33024057121,5.41376069343507,43.5236026627642
48,1596.04485111064,5.41538382307453,43.5258533965091
90,2330.7263664617,5.41284360443015,43.5287227740699
56,1542.2667108924,5.41344069138687,43.5321445868389
437,3062.29902655422,5.38376951569861,43.5389969665238
882,2743.20188689488,5.41951946439826,43.5340435975811
419,2099.8255010969,5.41161197589477,43.5429153806807
383,2475.02606179457,5.40379152221698,43.5338009162391
386,2968.769283911,5.45418265753031,43.5718233954244
341,2713.03147273426,5.40232933267132,43.6016220137978
817,4039.08587024117,5.42351416434783,43.5830569009742
1250,4325.32697580689,5.40876879775208,43.5653035054111
3405,4305.25760511722,5.43225701393155,43.5106835205463
1136,3657.22304627467,5.43478113400811,43.4923346005944
1185,4286.05111368822,5.4166563114678,43.4830182615044
1509,2565.71949381831,5.3800118704229,43.5039306605521
22237,1427.40558692469,5.38288357267438,43.4830980523803
8434,4114.32532656187,5.31837113993285,43.4916180066116
1890,3539.25963664201,5.3884007210341,43.5158559085756
206,4156.03751537079,5.52135945125423,43.3648174786385
104,4116.68202272283,5.47981768675608,43.3635116626523
748,2833.35453087225,5.480204600759,43.3414932452245
601,2696.84167641793,5.4712402115085,43.3393112832188
208,3718.24959177613,5.46809946113237,43.330617750865
864,3810.83466284007,5.50879116528268,43.3305967365856
412,2671.26506788938,5.57019768803521,43.2907903465398
2697,3847.49286311959,5.56934459931896,43.2946299303054
48,3467.58351956029,5.57980797876919,43.2923810429055
356,3143.44343415318,5.57622715540013,43.2879973125431
321,2563.57689851508,5.57058732060611,43.300293060336
824,1898.92256906188,5.58332586799832,43.2924872981883
391,2631.72772701799,5.56410725734512,43.2842819937497
1585,2142.75429125107,5.56202170660619,43.293436647689
258,2421.90771399972,5.5558664471186,43.297337952579
41,1386.34082033534,5.55367193017829,43.2832686472877
251,2035.57233274093,5.55126966020121,43.2871312424142
959,3330.13310435278,5.55773161105227,43.2671784419825
226,2411.70910034544,5.54053761240121,43.2804492837953
31,2234.95690782216,5.55021115010156,43.278876107864
166,3061.57323669442,5.57234515254002,43.3196820377104
662,2413.04408398929,5.54339431445201,43.3131705525603
3550,801.15428429739,5.53173925221337,43.2854382455121
9767,196.169989356082,5.59936407070512,43.2900211328036
599,2234.59107110907,5.59586664416207,43.3097983229543
1201,516.080984388926,5.58659868134908,43.317754986499
424,2352.27702862304,5.63545801702352,43.3693677474155
438,3266.11381606576,5.66613755820003,43.3753638065838
99,3132.98223963469,5.66350377781,43.348024021003
131,2786.62691567651,5.63209578530005,43.3789253576545
0,814,5.21313422013625,43.6189003809344
0,578,5.54610477307792,43.521896761905
0,1905.99999999999,5.58433182343795,43.4218405320701
888,2438.80794358343,5.16738950042595,43.4772668942723
352,2839.77275443046,5.16794849130504,43.4852727440166
167,3470.96511536293,5.17673850149447,43.481494338109
334,2570.60358793495,5.16132695663308,43.4912391604001
1063,125.846213031585,5.18795532596129,43.5038092597246
1749,2031.00438565665,5.1525726310834,43.5058176176122
2526,2813.81383750716,5.39894584020501,43.4334130233174
281,2738.47862823218,5.42418265825861,43.4424716283899
204,3111.69219689406,5.43277319556687,43.4505183585577
654,2303.43643048766,5.40458560244667,43.4535599344436
477,3383.57890687895,5.42383417656225,43.4633850633095
0,6079,5.62022370474552,43.3970678152493
0,2157.73247966497,5.33730672959546,43.4735880588918
0,4218.22872682572,5.34629172771397,43.4462058881364
0,3251.03879350932,5.37674971058363,43.437439881626
0,2158,5.53313433322761,43.3943272910351
0,1942.20628571337,5.14446109017739,43.3317489241723
0,2055.09023996623,5.15880619017081,43.3338297378458
0,1893.70347432042,5.16266304987898,43.3360725589873
0,0,5.15086334578612,43.3499925091521
0,1301,5.52919276051331,43.210142807247
0,1764,5.53308072487344,43.2186162458988
0,2019,5.54635940089109,43.2162116144109
0,2137,5.55267888483371,43.2243436710893
0,4489,5.63615948915988,43.2237530045119
0,2172,5.56894059966837,43.4912516400915
175,5224.44745978071,5.18073985094135,43.38663552008
1256,2586.00806533509,5.13896670738306,43.3741958724345
192,1744.86864505889,5.14872480798425,43.3831237058169
1752,3124.97785710467,5.16332866386234,43.4000133147497
310,2178.73255645836,5.1123985462941,43.399641730439
0,0,5.10879673504434,43.393072410032
498,197.965416262272,5.12774775770537,43.3908708780372
602,2209.22233759379,5.60766436299113,43.1747385882423
1979,2749.73878016972,5.60694527319343,43.1730175679483
81,2526.6276719672,5.59943098133169,43.1719855846281
58,1979.71237922304,5.59447448529477,43.1776402543162
28,1827.75136366677,5.60189217636224,43.1814708695632
923,3101.87196195145,5.60731299640128,43.1871700447877
295,2144.60902631473,5.62161138471083,43.1907126512659
15,2084.07192290241,5.61902514655832,43.1979531717391
54,1147.34007947761,5.61438439928832,43.1952034461041
478,5232.72181128075,5.61614181970094,43.2000854857489
337,4080.21036512114,5.65682906136585,43.1961297433442
961,1892.308347667,5.6092495268361,43.1814126404423
3687,2599.33748177939,5.58518378681385,43.1931636744927
123,2004.47647088501,5.58732620941435,43.1878064476462
0,1371,5.07677409995076,43.5786454030603
0,5007,5.71005801933358,43.2808545071981
0,3381,5.59845637847865,43.3768378796171
0,1879.78021978022,5.31958190021975,43.5734027595611
0,3008.76923076923,5.36706278272058,43.5610194217316
0,2783.45054945055,5.35251112656652,43.5651499436116
0,5467,5.19928020725436,43.3537886724716
0,2529.31005481977,5.21017928415433,43.5608563620155
0,3116.11776186225,5.20001690430945,43.5446946158681
0,2451.57218331799,5.1856833292262,43.5582106334998
601,4044.45882791515,4.96142847493164,43.4524575824682
2218,82.1416313337535,4.90738129102617,43.4837455155827
707,0,4.89881921525755,43.4440185403534
4210,0,4.84789972526485,43.4309510270076
1277,4045.63607580801,4.93332441082019,43.4624268151276
1036,3157.22339037987,4.94188592640135,43.454854340995
475,2050.94964524075,4.94189359366817,43.4444337714778
413,2450.59042932248,4.94504049856933,43.4341258666196
0,3474,5.57813223528862,43.4532869019449
0,2447,5.55576514169559,43.4548750717751
0,3835,5.53937435189896,43.4637174592815
461,1894.83697637347,5.47330992747479,43.4554053027083
1036,2722.79488513182,5.47248566038789,43.4619528350545
659,2182.85929561857,5.48655777989635,43.4611262051878
110,2685.82891675249,5.48337885769331,43.4522459664413
175,2282.08816480094,5.50212390231631,43.4429230583857
519,3131.6131933469,5.47152490707353,43.441173518314
278,2633.04301903026,5.46070578377338,43.4371420183154
2723,2215.93554894556,5.4617495613047,43.4679912800333
0,3910.97980220413,5.62096670571144,43.2858693491701
0,2476.02019779589,5.65019254855795,43.301155634031
0,3150.77109428652,5.2112536931842,43.387926173031
0,3735.89885176659,5.24887649699594,43.3950821553436
0,2176.33005394688,5.23198539362594,43.3864393142056
0,4703,5.04554993773296,43.6142634624119
0,4111,5.54718470122674,43.4267647347678
386,3165.53026970391,4.98374904520626,43.5102577216537
1727,2247.1428244895,4.98868214134984,43.5100974904574
302,2685.35558794767,4.99242843600108,43.5137200722823
423,3032.2598436011,4.97710459411599,43.5166379632572
120,1757.99412175727,4.98963370257756,43.4925339065389
661,2361.5754970907,4.98883617353771,43.5009705905406
14,1866.51999261813,4.98349411102389,43.4933399415744
731,1759.82614907723,4.99602548453204,43.4977528001537
1691,2049.22284444799,4.99732304580021,43.5102775502614
504,2984.97160237571,4.97707067461604,43.506660776727
46,2263.95879053997,4.98343789970889,43.5010335440807
487,2719.26214866587,4.98116400841362,43.5503004970568
1795,3394.34549540002,4.94718988290462,43.5127884504482
158,3254.12762624684,4.94641547012487,43.6018544321993
75,3148.84327138383,4.97002535704817,43.5016199426687
866,4101.34722943041,4.98123145848246,43.4834695065659
507,293.71670522386,4.91910980248008,43.5609663818254
0,2839,5.26294112687682,43.6513516973308
0,4417,5.26138007646858,43.6481631638329
0,2779.90445241297,5.13094889032609,43.5892146240209
0,2083.96556103392,5.12831891557979,43.5939039706169
0,3947.12998655312,5.16009929536761,43.5755519172208
12061,1436.86422511763,5.21519759181245,43.434855752749
234,2311.56258879054,5.19072564276779,43.4215758620091
1356,2175.58460325829,5.21474531677864,43.416832970375
355,2518.7632019691,5.22214348317067,43.4229579466805
43,2411.47376949984,5.2066635780749,43.4226324716587
506,1700.57516285006,5.20736841416822,43.414036740878
583,2043.39031668248,5.21801344027009,43.4129251851703
1385,3846.91627651498,5.2016167249174,43.402732925474
556,2652.41414335734,5.21697337636994,43.4062466325662
199,1762.13629839418,5.21205599718908,43.4200804504776
132,2513.23371933097,5.22294506569892,43.4183621334634
232,1662.81422002064,5.22336511254535,43.4166219911615
196,1692.49810445478,5.2281360073904,43.4122155248748
323,2534.54626092874,5.24469183318462,43.4050502377356
256,2666.22710883045,5.22796369715508,43.403306329072
542,5118.45666573491,5.05116482696672,43.3409326059925
57,2114.15491327549,5.07058830409297,43.3645718630464
4575,1402.49181682804,5.03815518970331,43.3858222204815
250,3134.35656161511,5.07739863222004,43.3950589470581
1,1627.64442865497,5.05822386994614,43.3952128265151
1183,3405.7106204166,5.05399016969694,43.4013222554714
222,2226.51135654871,5.04822826208279,43.3992853825334
3271,3077.09991173307,5.05139793479646,43.4075372337048
73,1771.88301038851,5.03985732035938,43.4083910580857
198,1837.22044514656,5.04364089738793,43.407604016096
793,2855.65349170482,5.01847828333206,43.4111000598345
18,1579.07419339701,5.01753336943342,43.4115924113021
51,1711.93289067472,5.03083507565968,43.4127872695098
396,4610.02073017751,5.02979412275214,43.4255530514417
1610,2861.56550377363,5.05150633516956,43.4311078940635
0,2017.57160812642,5.04787898325395,43.4210712354021
174,2443.44331250141,5.05046446654438,43.4178242650089
50,2400.31743732747,5.0459121719695,43.4148307585102
2195,3077.87542684948,5.04506432177268,43.4112155066372
1111,130.015675125575,5.01126472814783,43.3849588342371
0,3745,5.52316881913497,43.6241604208462
0,5417,5.50043692365821,43.490885226451
0,4607,5.49851068125363,43.4125959126081
100,3932.25440147643,5.01342323376361,43.5818163464659
35,2460.38225916716,5.00908607825849,43.5971535086016
177,2870.42612073556,5.00719407286373,43.5938877519431
224,2964.93234364332,5.00037834769267,43.5910129921195
30,2088.93849159942,5.00605686354535,43.5893143929476
487,3163.73772207552,5.00090292497452,43.5836741785354
1034,2837.75026288295,5.00369357291407,43.5770584343427
365,1870.7020164054,4.99717666992998,43.5763860198253
956,3253.53491350065,5.02524796941792,43.5781847416389
775,196.341468513585,4.98768161931892,43.6020518357195
0,3150,5.15507317496057,43.6272403871916
0,1908.86305539803,5.51112992140116,43.2791922798807
0,2403.11309790725,5.51970710806057,43.273071890787
0,2073.02384669472,5.52073151200032,43.2822513795225
2158,989.279958848671,5.35237217149871,43.4122302383039
227,2600.69585052488,5.32271208598964,43.4210212642412
381,2791.60905532583,5.30558375980517,43.4182027006791
2039,2772.21782793063,5.28477872471519,43.4068549457039
981,2407.11231504426,5.34350943895958,43.392377851153
668,1445.34962887556,5.34207817004249,43.3830351444898
951,3776.07539889166,5.31300125073607,43.3913947151654
27,2378.43535269404,5.33892710946374,43.3910349638452
72,2226.22461186448,5.34772145798679,43.3771705638866
0,3368,5.6254585489497,43.4397493716782
0,5454,5.57157048151403,43.3844511354519
0,4976,5.5771231425646,43.6284509637524
411,1865.33466836671,5.461526979544,43.3460809789381
389,2735.19065376954,5.45824319627433,43.3414999027039
156,1948.29193025877,5.46912562747971,43.3478354569681
59,1859.96350800067,5.46060502750527,43.3509851181364
155,2055.21923960431,5.46625950277528,43.3753911070867
458,2993.86967127323,4.97917598892448,43.4014071572571
1392,1976.81597379002,4.98330969739441,43.4067482980006
41,1580.44494036371,4.98466802095822,43.4096169680718
214,1879.56051373632,4.97745336229156,43.4150833522946
1545,2431.90873817646,4.99345677160258,43.4316704952882
638,2640.13780150636,4.99777004736159,43.419192474572
113,1404.88850414081,4.98973248519175,43.4092895920411
163,2182.37385701309,4.99817635429787,43.4094904342429
0,1927.21679453752,4.8048642407228,43.4183205570052
0,2671.21933802552,4.81916918428186,43.3793550289898
0,1873.34417317123,4.79978962716291,43.3940383617992
0,2116.21969426573,4.80489708955896,43.3932349292193
0,1798.99999999999,5.6776409935516,43.518800484528
0,5557,5.43966866578774,43.6516183837978
1183,3288.43130293046,5.21004822017214,43.5072913060842
312,1711.68144235831,5.22069309323232,43.4871969373058
2038,2242.9537584414,5.22644527625794,43.4996998855832
78,2300.7758223945,5.2503534395624,43.4945348050105
713,2326.15767387533,5.24392778682928,43.4821691968634
0,4795,5.35202078558521,43.6648536725563
0,5528,5.6296201236726,43.2511121791196
0,2148,5.59757170777958,43.3490741980149
0,2544,5.61146630851143,43.3507681175679
0,2132,5.61988019554437,43.3310428128961
0,2115,5.57697416650055,43.3465219817744
0,4768,5.62440189088073,43.4840126322989
0,4777.00000000001,5.25304264960731,43.3650561442125
0,124,5.59369394503733,43.5167483623192
0,5550,5.30690773135234,43.6135803246948
0,2369.89877263337,5.03594848497839,43.5468601083655
0,3232.71073844534,5.04110147905083,43.5564751401257
0,2699.39048892129,5.07926520786294,43.5416378016708
0,379,5.38967004314419,43.6925135447915
0,1228,5.52228923738284,43.5564578912108
532,2295.58349216599,4.81489732871917,43.6385532919743
2,1729.35516248829,4.8206107857941,43.6360426440834
0,3606.03060083286,5.01797549625936,43.4568710412504
0,2305.96939916715,5.01485419016847,43.4552715694398
0,3314.99999999999,5.53098575819333,43.4054067198718
0,2101.88420089616,5.23802141758853,43.4156016862248
0,2316.47015693534,5.24882207458673,43.4183948443363
0,2131.6456421685,5.26303196147219,43.4109475301837
2684,2837.30748057918,5.09576441565619,43.6411533404654
1036,3371.10734925928,5.10329600747359,43.6440083905948
180,2578.6281251792,5.08852947252378,43.647498915647
528,2475.62709324202,5.09060149985116,43.6427258136439
148,1772.80911368056,5.103197567851,43.6509105220086
223,2595.10760420079,5.10238236876755,43.6507444655798
162,3147.17203998409,5.09144254739059,43.6526725147041
212,2549.33117289255,5.09729424131049,43.6493034031955
453,2801.51635318564,5.08077010436449,43.6428034908379
1324,3610.75418787506,5.08830515724515,43.634983717256
559,1964.310409445,5.09907956065555,43.6300237078518
1985,2285.69290126679,5.10423076070673,43.6363109718527
2179,3683.36461203561,5.10252016969897,43.6192472523039
0,2684.27294576329,5.11637589636175,43.3491872402062
0,2137.42696232434,5.1169223408039,43.3311654555058
0,2802.30009191241,5.12368760449367,43.3368731372861
423,2723.39703992414,5.38941505239861,43.391400069872
344,2599.63901391468,5.36786028318915,43.4065293397829
836,3224.54464545466,5.35455939157467,43.3988579459228
124,2173.41930070653,5.35468139601058,43.3871720679128
0,3179,5.42902637301781,43.4341428038531
0,2405,5.43823826904542,43.4098823066256
0,2376,5.50840495107553,43.5199348272649
399,2662.45041143012,5.68194245199411,43.448647086089
1001,3251.7378388444,5.70062279000945,43.4373526198016
74,2994.96699303001,5.68238251203811,43.4431620207811
40,2053.84475669548,5.69812814934702,43.4469174356829
0,1023,5.61287721106506,43.5587369356797
0,1842.03812812862,5.24495341512979,43.5382002186076
0,3888.24471896446,5.26028510478673,43.5290443309601
0,3145.71715290692,5.24856926494375,43.5216842825588
0,2466.40938472588,5.49674267718689,43.5887049917436
0,2808.32750778071,5.47400238946131,43.606271601988
0,3077.26310749342,5.48338989450761,43.5975728650106
0,5278,5.30610553722658,43.5420846831661
186,1687.47941457653,5.25921906833621,43.4435038954735
532,1733.55720138076,5.2491493467757,43.4437221792365
150,2918.61077118151,5.25451325202627,43.4423268579998
361,1798.15020792302,5.2579354727406,43.4404739508579
189,1883.96131337171,5.24413469872328,43.4501841522012
1490,1633.96983766968,5.25223278159008,43.446056663663
216,2105.65300580987,5.25125601643012,43.449003105881
236,1950.94247816901,5.24690463389393,43.4552132512147
201,2324.26368453175,5.23819764057729,43.4656601818846
244,2984.805347422,5.26249787307599,43.4724336338964
3564,503.30287787809,5.26349423454355,43.4322687165073
143,109.346171454424,5.27737090770021,43.4529299613806
1962,1731.80201594865,5.2803684369204,43.4307059145811
228,2291.32791518968,5.28548502738275,43.4241565001704
160,1484.97824005603,5.29502904659409,43.4346673201245
2030,2173.34553546804,5.23160191401664,43.4520176365907
5230,0,5.26058599030475,43.4223221976533
7393,350.809563477059,5.24556912026303,43.4335376184552
96,2041.07362406812,5.27642733099585,43.4218253347023
780,2381.62079442406,5.27080323544216,43.4255086217874
0,3631,5.25443307454104,43.5603489209213
0,1958.45949842937,5.55260998272167,43.2528905948079
0,2215.54868942788,5.56365486495341,43.2542728420522
0,2440.99181214274,5.57367238823262,43.2626586618429
4256,1433.82196743355,5.37519030127517,43.2974853846718
634,2449.96219241231,5.37893744566816,43.2981253788522
745,2593.52549941375,5.37768460094074,43.2995737043481
2470,3216.28221871695,5.37752972422979,43.3012827260585
1143,2494.84937176463,5.38260025719598,43.299483607071
766,2730.71859241376,5.38607694700153,43.3007776020026
278,2006.16322346441,5.38367780219202,43.3019277803929
1537,609.83035237661,5.37834194193755,43.2944914301815
1335,2220.72788693621,5.37987632310522,43.2959633248722
556,1991.7436540662,5.38072368627569,43.2940535012048
2750,1164.95772942612,5.37673429601955,43.2942346745215
2470,3465.96228603874,5.37401437771306,43.2928942868572
125,1610.13093462333,5.39163238642794,43.3016190237156
353,2208.19052151172,5.39055966776005,43.3024563689848
410,2154.04558503556,5.38921853623823,43.303582161443
445,2557.3490138639,5.3889586535293,43.306150448145
506,77.6325225250456,5.38246215985341,43.3033496626268
1041,2970.9003321453,5.38375190423948,43.2967247042796
423,2389.2061158319,5.38662552915259,43.2979590871503
5333,1650.07935066627,5.35905984243104,43.3227536579777
5709,1834.68065955935,5.37273347797384,43.3034517897382
262,1383.59509922687,5.37282606586767,43.3004776308909
786,1331.88531765864,5.37125920675257,43.3021069469268
85,1696.79883263167,5.36871761505944,43.2998097486311
433,1226.97132400924,5.36852198404057,43.3012554027703
1056,1463.82615232705,5.36985889447411,43.2963673550344
270,2472.10237940902,5.36449801336766,43.2967277415563
685,2144.95583672771,5.3694265786316,43.2983308126189
19541,3081.11383277749,5.365620849013,43.3037205958054
45,2076.92872838874,5.37117660420198,43.3071973224468
240,2539.45726596385,5.37044599900633,43.3046846256705
0,1605.60522065411,5.36812878066057,43.3035515926818
285,2193.93338853914,5.3905547841724,43.3140611540674
812,2731.09423633558,5.3884263261996,43.3104389077932
289,2659.29961276692,5.38385165272554,43.3082582007112
399,4145.0465558654,5.38116494081985,43.3109150292585
662,3503.6905288401,5.38508215281515,43.3133064474369
1750,162.670987797639,5.37708337618346,43.3033681213083
2329,4157.19000574607,5.38034153827037,43.3055830126574
412,2411.7071253435,5.37450377135492,43.3064601458046
1667,2616.52745065304,5.37677629443095,43.3058263989225
222,2530.3888968514,5.37827519501754,43.3091342385393
150,2610.60201595632,5.38184657291431,43.314450599494
232,2986.24737254658,5.37854300610626,43.3149697596408
203,2397.21913141961,5.37615295654152,43.3180889749481
1503,1650.45835668257,5.37237859131994,43.3167362664385
0,1387.47413633715,5.37321084891764,43.3188247930396
52,980.286250534,5.37370032939236,43.3181289435184
319,2677.20766544095,5.37441747383094,43.3101743151071
573,3108.34933885511,5.3709051499682,43.3110037062587
233,2784.60694348892,5.37306104636005,43.3131871005822
283,2512.15342963137,5.40696131588986,43.3001873484222
376,2527.50837827773,5.40246026336823,43.2972569091564
205,2574.68012410373,5.4035404496649,43.3000185171189
334,2915.1512645861,5.40208692351885,43.3039921667935
228,2264.82456702986,5.40551740448741,43.3049575348788
305,2865.60795124074,5.40857053580922,43.307186922923
420,2033.67252834281,5.40405812142575,43.3080718759771
956,2208.94014424901,5.40671147836279,43.3120209604912
300,2219.94556304871,5.40007994527017,43.3087837492024
385,2698.59819358161,5.40256964327353,43.3117266741161
102,123.938582448848,5.40524695420687,43.3146330835242
321,2075.66203764006,5.39828803701097,43.3112142324218
0,2032.91554699383,5.40004724370231,43.3143292353794
149,2243.06432710864,5.39547557927119,43.3144100986003
225,3031.25860139338,5.39391779964807,43.309115204826
694,3802.35695721353,5.39947315384543,43.3033902236451
637,3086.45820995502,5.39859969670611,43.2994215921668
746,3616.83415230726,5.39370422459919,43.3004741069421
485,3298.42944084774,5.39629200148927,43.3052752596068
375,2779.69948397986,5.39397699449631,43.2860148768353
287,3122.77372817022,5.3974384888011,43.2880589969369
0,83.904788191541,5.40284757576683,43.2892284973254
349,2870.49809513856,5.39921016607259,43.2905863376124
246,2376.70959628421,5.39248182268581,43.2873764352645
1399,8.71197211903269,5.39912379731703,43.296691305365
369,3571.07362719964,5.39556985827096,43.2976842062807
77,2824.50855602229,5.39000743185641,43.2979731929801
170,2310.48714334281,5.39309849860522,43.2962065610331
127,2177.44269099902,5.38829405012992,43.2958038671746
626,2445.32396662089,5.39891727203203,43.2944732513958
390,3281.57427714668,5.39167299343468,43.2945941328679
373,2324.57597291887,5.39618497111037,43.2931949495351
204,2255.71971665887,5.39168576689747,43.2931650117566
309,2044.02595605085,5.39082884369161,43.2915901466395
306,2506.97678359962,5.39104566901588,43.2893752553239
0,553.880259596084,5.395052272336,43.2903831552968
233,3011.20723538672,5.40370529266251,43.2947948506337
244,2680.66709725612,5.40446298028145,43.2922308534802
504,3551.23905331813,5.41016265866467,43.2933214879072
2204,2589.08085886047,5.38395037227747,43.2829448719533
1271,2133.21399064832,5.38172669100058,43.285781066261
1169,2340.7349422772,5.38324239408178,43.2871818958655
100,289.372371302266,5.38712854579339,43.2852107441648
2462,2960.56050086297,5.38884602366598,43.2841604351123
1154,1942.8151043726,5.38872268514414,43.2861502406642
1103,3575.83898579989,5.38698099309683,43.2883326596168
332,2069.28228329719,5.38498714257753,43.2908042735289
476,2548.30041571835,5.38758449311474,43.2919647829326
650,2684.38290685401,5.3840204395408,43.2937464996619
4980,1252.91830148697,5.37535468916708,43.2900751482527
1086,2134.10494857,5.37605545824862,43.2881369357781
283,2237.64269186363,5.37188799913549,43.2884288080736
3646,687.807093965872,5.37921949652039,43.2908524455169
1127,2883.3613133555,5.38168657385872,43.2905710437236
1541,2716.43965107139,5.37933522415364,43.2844194757365
250,2765.62720451246,5.37549520561646,43.2857271007098
191,2632.19497924071,5.37356654450404,43.2826433723168
391,2445.32145594019,5.37695755646663,43.282842274103
216,2288.25037760588,5.35954129727225,43.2797332348793
68,1931.67329382712,5.36422705506887,43.282086688974
120,1452.02364860549,5.35509459053894,43.2815104985814
256,1699.96592544302,5.35049046529752,43.2825774122469
184,1607.87353518034,5.3542035667028,43.2859646746856
48,103.267479918445,5.30350315311638,43.276544170188
371,1786.44714670738,5.36167847960422,43.2910686789587
1250,2118.10696764358,5.35691125828173,43.2927761872481
334,2154.93831633331,5.35690651757779,43.2894614613164
114,1951.61671973585,5.3696093317071,43.2742274685724
207,1758.45854121468,5.3658357824857,43.2772532280473
209,2345.43683773176,5.35715082560966,43.2868605267104
260,2267.45295464375,5.3603244939772,43.2871413226901
519,2247.60549438208,5.3635774467259,43.2879259944064
282,2332.828462452,5.36417127603442,43.2855146618019
399,2635.83900831306,5.36866465752931,43.2867949233529
1515,2365.03690361062,5.36935964590735,43.290601419315
2391,2051.17838665164,5.36648785822262,43.2912380993907
524,2611.74891725482,5.378761673639,43.2513860774146
2044,2216.72378827696,5.38526451080785,43.2529167411533
367,112.207604906187,5.3786980478523,43.2572507118894
53,533.339851629287,5.36298236772358,43.2168729472889
93,2047.99547335573,5.35768612381497,43.2307692630689
252,3068.60072596063,5.3642196439333,43.2360763425704
258,246.468264434431,5.36891903139476,43.2294129597164
309,1837.61457056571,5.38452617435337,43.2805133964927
529,1793.59550084956,5.38782308757932,43.2764451135983
768,2379.9548467488,5.38532038684783,43.2773394308262
609,2162.69600846843,5.38196715712778,43.2782403707791
214,2253.55240789784,5.37818212848091,43.2727537854293
379,2644.40134634092,5.37786848223449,43.2769802658751
891,2800.41849292286,5.37633196206417,43.2660000593527
161,0,5.37151019606377,43.2642038675674
591,2495.46187425654,5.37151952492254,43.2418569878623
488,2222.62545187104,5.37879769735654,43.238910636378
5,1748.69887013738,5.38404037563434,43.234899269127
214,2025.58534091999,5.3874434505091,43.239789966261
2083,3060.54636104102,5.3885944816593,43.2806215160801
436,4714.05725550305,5.39279464520513,43.2794863000997
3539,2763.08783088985,5.39587238905093,43.2757563174927
1855,2755.32932275112,5.39111488298253,43.276860305875
543,993.90734443477,5.39611479914733,43.2711619377771
736,2515.480534992,5.39123771527747,43.2680778929313
1464,2425.39829897529,5.38781802292019,43.2686326246293
1286,2134.11377393296,5.38500452138055,43.2648203224687
1589,3659.77634587391,5.38799867938393,43.2727658497361
1702,2071.80277616532,5.38293591267601,43.269543561039
325,1577.71953155524,5.38857860270252,43.2561439115337
179,2403.99300328038,5.39350392223661,43.2498037804781
502,3098.94781080292,5.39339950083287,43.2584936396036
723,1907.61555545995,5.39552581464535,43.2612534118682
4434,770.424526454231,5.38952709370401,43.261756131621
435,2407.90830023144,5.38908687212275,43.2449992181152
807,2649.48216149149,5.38031915034781,43.2474171427525
104,2232.09258148446,5.37875176819605,43.2438722921715
1920,580.627347883514,5.38999735381296,43.248196107147
598,2339.68157363417,5.41146677305745,43.2394755856099
255,2835.24549624902,5.40929906113696,43.2319339715269
0,121.999375463057,5.42054731358903,43.2337542587742
0,1924.30898407476,5.43240799944919,43.2170343730465
168,2455.36050809406,5.42316880677401,43.263822456608
667,3275.57435142054,5.41870201228648,43.2598967998785
110,3011.96481693559,5.41496437691686,43.255929699805
283,2084.86429004765,5.4184585697862,43.2504661460849
0,1154.75671267353,5.4987886539197,43.2498225267959
597,2432.83993247744,5.39887837857473,43.2525552081221
252,2678.25822038183,5.40415162583048,43.254387832651
223,1955.49021772319,5.41093427378559,43.2538639274834
3189,2465.69956271411,5.4122696234454,43.2493129944821
405,1915.69874079124,5.4041444057358,43.2476501742774
454,2291.94851455754,5.40975765922627,43.2453008484762
53,1636.40944659947,5.40293219124768,43.244544252402
38,1565.9805865743,5.39812436646987,43.2464964346982
1106,0,5.40947356716096,43.2574536580734
396,2505.80492640346,5.4256512241515,43.2538755656225
258,1009.83670393579,5.43527626227539,43.2559654156128
0,2268.01643116353,5.42415574680187,43.2509257557895
1439,2825.60813339914,5.42342034877454,43.2456511084315
929,2072.98599818403,5.44088400656532,43.2337022330123
268,189.354694573391,5.44687316125395,43.2285279060535
1429,2483.88544189668,5.39592997277133,43.2414596606003
1268,1563.22912810781,5.40085356071379,43.2296731581013
36,1406.25669596181,5.40065354858508,43.2197800963991
1898,1212.7517244874,5.39990213459917,43.2369169111701
305,2506.62108956047,5.4044804608276,43.2724774101177
62,1582.49261479294,5.41006578739102,43.2733565080657
417,2975.19539669178,5.40990441922191,43.2703878141445
139,1842.76211868397,5.39843624210154,43.2671483022337
519,2489.8452626984,5.39990320386528,43.2641042507645
240,2110.44733709377,5.40395572406821,43.2668985810575
587,2126.96697701847,5.40931900000823,43.2657319065467
323,2810.50348198041,5.40072578763005,43.2613558497895
5412,1101.81050734132,5.40929977797816,43.2607043948059
59,547.544005613962,5.44757290434655,43.2482245419627
0,0,5.48204854357078,43.2260329886505
211,2711.09819231301,5.40978048340067,43.2819134583711
609,2795.45357645888,5.40309193466355,43.2839079629126
323,3739.77789476678,5.40691011860924,43.2796921630232
4013,2792.78193790642,5.405574944638,43.278436525441
956,4413.51768621424,5.39661017639223,43.2830271589528
77,0,5.39471799294668,43.2809156163855
572,2579.10133845263,5.41528950854197,43.2767589005878
680,1625.26588124402,5.42115931748295,43.2819079184116
154,1650.06004208982,5.42851632637077,43.2828253354754
638,2421.86070830769,5.43462943984019,43.2820167786456
103,1952.48165991568,5.44094214873059,43.2831787326497
204,2285.75630187686,5.43985739565629,43.2799104942107
37,2069.93318029395,5.43869532601645,43.2764516371822
219,2409.94045269887,5.43045610122928,43.2780093111615
35,1947.9062921309,5.43078868767041,43.2739723934885
10,222.818571557644,5.44531561933281,43.2705494235491
63,2172.47815576979,5.41745254509188,43.273795348936
264,3042.64444197535,5.42151459953862,43.2692942983173
596,2254.41797718331,5.41518274422316,43.2706870936791
42,1931.0782134891,5.42758421934453,43.2692439249701
267,2042.91480353118,5.44226020120203,43.2630242436208
1713,3426.41344811634,5.42344245317878,43.2750899448859
481,1836.16654339797,5.41313662144554,43.2850473144837
154,3289.1694317388,5.40614121243459,43.2872787427618
12,116.963268570796,5.41717920266622,43.2888673851114
547,2004.38602990406,5.4953121802045,43.3048119743745
695,2485.56311892664,5.48411241175885,43.2840430815475
0,18.2079390475295,5.47718827484744,43.2663148647396
1049,4739.18968343964,5.51224821024584,43.3054145125048
146,1517.69639160871,5.52441069023346,43.3011635371274
125,2915.30323142702,5.49934408616831,43.2796817688891
0,12.1461473717664,5.5015761517885,43.2708936630443
98,2228.5884936075,5.42690760654936,43.2926671960104
35,2296.97062166396,5.4302644472041,43.2911449282969
69,1567.35704784689,5.43676611570067,43.2942993220892
32,2106.10376123054,5.4354967793727,43.2917014074373
106,2056.18668049766,5.42905264805977,43.2879600815999
1080,1816.65400474081,5.44151232365967,43.2886764070969
5,2042.04068461426,5.4407886787475,43.2938617708267
48,2020.42757059871,5.44650393822973,43.293148148758
36,1740.61994081186,5.44922110161329,43.2951233551624
236,2002.07073305101,5.46206255762214,43.2854337886269
382,1772.3266121032,5.46818372824788,43.286539916199
156,2651.68369153293,5.45446593514747,43.2967323806783
1383,3306.09426072537,5.46700333013928,43.2959252322432
2072,229.727967444754,5.45589606069277,43.2902307492435
1,28.998979854355,5.46408719401236,43.2734997829806
704,1908.70022649103,5.50939422730163,43.2925259463289
1891,352.216108074643,5.49506061495656,43.2879702695557
124,902.919494103052,5.51043088473781,43.3153004699137
170,1831.30507370669,5.45334731490212,43.2867334261105
20,2067.42931383911,5.45076591818135,43.2830211604921
125,2737.73311800744,5.44673694873413,43.2849710866218
4,768.259590166727,5.45114443610084,43.279066039197
36,1843.21809021128,5.45886986933532,43.2840513985773
1121,3239.17712667166,5.48338881919848,43.3057043685275
3775,103.698266679193,5.47868977403066,43.2922120371944
835,4341.17473682347,5.44763699583058,43.3043913705743
125,2552.40082763397,5.4524845387481,43.3011242599601
163,3079.991703777,5.43953387028076,43.2979750787583
287,3369.91128216171,5.43070595366623,43.3058376079613
674,4444.13176491203,5.4311460118448,43.3011539662752
1264,1639.41471275746,5.41215805520406,43.3117669598839
221,2411.08428532461,5.41825215608514,43.314274781078
291,2734.83070348552,5.42340014964761,43.3184300571327
89,2882.39209309886,5.43625498303357,43.3205398529568
118,2444.20260947434,5.43113870736545,43.3169934950109
457,1971.30498442644,5.42246032494381,43.3104160511434
772,2412.07060473139,5.41832255058066,43.3057444497726
610,1791.97230938577,5.41362253129134,43.3050538603833
203,2381.67788032581,5.41005903060548,43.3002430009897
63,1596.55562257622,5.41379845543773,43.2983349456575
132,1806.6821293281,5.42065288039613,43.3011999169363
2657,3468.53644030218,5.42229714677377,43.2952238865075
155,2443.31131884054,5.44381452690026,43.3181921087733
197,2523.26850782866,5.44962525140578,43.3146070375182
142,2404.7977605895,5.43325975122951,43.3113671071292
210,2421.4572839026,5.44078320557045,43.3109594525048
1425,3285.68961689329,5.46826662991036,43.3094771157874
315,2633.14082142053,5.45953199698313,43.3116657745652
405,2948.88771585075,5.44550154108253,43.3462680094962
2626,3289.58013121944,5.43873626241003,43.3500272350543
1315,3963.49386716768,5.44360509144964,43.3375270697464
795,2316.41032630695,5.44758223454258,43.3336276693174
204,3649.0850679671,5.40878653836924,43.3291355108818
631,3313.28202744281,5.41349257949387,43.3240301949787
651,2719.40083956777,5.41878288191218,43.3245538614168
110,1559.97949222635,5.41077402857061,43.325922616869
15,1151.70062303581,5.45432181367328,43.363559433581
123,1888.46750488817,5.42283356688663,43.3669705724634
354,2258.8801352242,5.43845630762002,43.3293099307232
86,3021.81564774234,5.45861799714003,43.3272342838934
321,1857.59889490049,5.45731098076533,43.322539440075
61,1938.99560527367,5.45146678362281,43.321320973841
238,3202.92814104854,5.44652962250448,43.3284989735001
201,3179.748825017,5.44088666169859,43.3233193836949
172,2264.31086652371,5.43944609719645,43.3742130695412
70,1576.60990691282,5.43460512645754,43.3334277644866
206,2061.03227003643,5.43038343107437,43.3343891151252
637,3273.68139687652,5.42547526849429,43.3323416126828
212,2917.79928851682,5.43122224375564,43.3269257865692
777,3698.53669438693,5.42704512853055,43.3245668913361
37,2168.85453941607,5.41182597495134,43.3319160157197
693,4094.98406485015,5.41220816509636,43.3350155736392
568,1829.02569058108,5.42077731302722,43.3326896007163
117,2423.56178678045,5.41769995790375,43.3364563339777
43,2299.15637730299,5.40427647875857,43.326531622276
841,2371.7702596704,5.39811205911103,43.3192505714859
446,2019.2186316642,5.40411004776913,43.3215366324477
7795,2556.91434359803,5.40540052985742,43.3179290760906
327,2310.79548064868,5.41175362147079,43.3178785736283
43,2977.08035904367,5.40786728846996,43.3242834978086
270,2044.38261023045,5.41531216938931,43.3451335259555
14,2556.2802325169,5.42472229668127,43.3390379504292
842,4201.75035556469,5.42525085202263,43.3472146498737
369,2949.70486498571,5.38255712654727,43.3319282911553
65,1713.39321050723,5.3847040355708,43.3388912158565
4878,606.711587311119,5.37485674446979,43.3350158778918
245,2495.59916474762,5.38605056087512,43.3255991924815
332,2165.89844207415,5.38194498250127,43.320678606565
418,2756.67927926534,5.38650604350592,43.3221105431808
86,2060.43245928632,5.38454205313356,43.3192894898138
526,1931.2292110783,5.38732786764813,43.317933158566
2604,2860.59531129177,5.38073746040656,43.3261970282595
1921,2050.30977137351,5.3730418222792,43.326928829222
552,2669.22069666239,5.37628353718249,43.3235416333593
32,2262.40296911257,5.40919190524114,43.3541153159714
220,3141.20042373961,5.4079702964168,43.3451771239993
73,1611.54065434377,5.4058756796902,43.3390461914577
131,3005.28236537489,5.40260053487146,43.3366988167556
0,0,5.40475733336095,43.3664375542494
59,1100.17023796023,5.40134237211723,43.3337529353375
1358,3289.51950233812,5.39739233832731,43.3263802166103
476,2969.60325637582,5.39996581862292,43.3321065070344
135,2551.1315012976,5.39586994529786,43.3316345963358
85,2408.18172104743,5.39116071939721,43.32876453112
235,1670.06465306858,5.38988144321783,43.325471399364
466,3025.593585105,5.39292956602258,43.319907059315
611,3360.72588955345,5.38443043941522,43.3492949642712
650,2357.68853339703,5.38074015539629,43.3419806979604
0,0,5.38782767223147,43.3593586607774
904,4530.09346574227,5.39511865734681,43.3443043316621
1072,638.027242960205,5.38835295677463,43.3354854703642
0,0,5.39701193958059,43.3573163681489
449,1808.95176702764,5.36538961954088,43.3509403913292
52,2186.20714964631,5.37543204502977,43.3514243889285
306,2368.44155589994,5.3719114634437,43.3580333969804
0,21.3863896833171,5.38479293270201,43.3668195643588
79,2207.83004117547,5.37138063988004,43.367364524177
36,1776.75019894723,5.36739785325807,43.3650997172507
459,2323.05283608887,5.36216193563708,43.3299446171095
1198,3468.85795374154,5.36095806014215,43.3342896077575
211,2274.14131448315,5.3566102952699,43.3346592803502
2739,182.414072788299,5.36550215890586,43.3350474175316
0,3807.1890288201,5.35057122289447,43.3467748328298
340,2617.4607808091,5.3490612294563,43.3392329815831
482,2338.57203742625,5.36805418590953,43.3242844409534
2512,961.62269649338,5.36563466243361,43.3235933533851
406,1757.23138390276,5.37172387313853,43.343875028312
216,2182.81092992294,5.37547523555287,43.3458631835508
457,1377.082261097,5.37051508189133,43.3498616115329
2407,303.071271793327,5.36844044463639,43.3412123712195
48,2808.66104993071,5.3733132378762,43.3855547468388
99,2821.67428409041,5.36700672627072,43.3869581036475
278,2976.79880648437,5.3685931796824,43.3802489182346
250,2974.07049930698,5.35673189241881,43.3822029679453
1096,479.59611895484,5.36039594410239,43.3807450590484
43,1664.57512677071,5.36359807099619,43.3694980185095
256,2349.65342497623,5.36873598103826,43.3741657967896
2054,2730.87790282158,5.35630338613469,43.371651708513
840,4505.29606584766,5.36199272026337,43.3465024756285
794,2963.28784289338,5.35740855899285,43.3408588925365
605,2356.59119512736,5.35650525374944,43.3491014170851
180,2573.10163780617,5.34755267868609,43.3690156927341
95,4355.03635360913,5.3417651381377,43.3671378908005
238,1916.97203491402,5.34202389420192,43.3729778516063
66,2456.18571396891,5.36045615654521,43.35608518181
1162,4027.54827275092,5.35476755989491,43.3615331701566
617,1808.47003017248,5.3187889021825,43.365508534535
229,1741.60893445825,5.31185885828685,43.3625066040051
568,1852.60382452821,5.31865358702966,43.3607161114909
900,346.20687366072,5.3210939704868,43.3598557499894
9,370.264702456242,5.31375049099785,43.373340362203
217,621.090926451731,5.29278735952096,43.3711189352585
1775,2951.91657896006,5.34167220222648,43.3554263364672
4398,1156.47120029449,5.34268556848082,43.351875028653
436,2136.59327862074,5.33093803706449,43.3570439220466
335,0,5.32468959216206,43.3537568890684
3498,3406.77365039708,5.33451447717279,43.3647450673273
0,4276,5.78495054908887,43.3790706696797
0,2067,5.73924368016635,43.3338927705449
0,1503,5.7885249726371,43.4647239561732
0,5000,5.74705967905692,43.4940888655075
0,42,5.75708401460507,43.3076394330131
0,1623,5.85100890720012,43.3822836685344
990,2219.13652372644,5.86263886896235,43.4523541901796
801,3503.66343744509,5.83456074314949,43.4452112153704
134,2888.05017152208,5.85780750865593,43.4395856965055
0,5392,5.71826010059835,43.377738407919
927,2195.30130662896,5.50427448951202,43.695427284668
807,2693.66494023139,5.50132146034523,43.69026499382
177,2502.24282539924,5.5166681191339,43.6883634723103
242,2505.61368540857,5.52357977890706,43.6923155373713
503,3109.36213184162,5.49231709496765,43.6987044349383
